Model,Parameters,Test Loss,PSNR,SSIM,Inference Time (ms)
SRCNN,20099,0.04909948706626892,23.93265850535763,0.6355711,0.4199981689453125
ESPCN,37200,0.05524229766801,22.86290282018345,0.5805398,0.29004573822021484
