Model,Parameters,Test Loss,PSNR,SSIM,Inference Time (ms)
Bicubic,0,N/A,24.344902041410716,0.6398356,N/A
SRCNN,20099,0.048832130376249554,23.90225611861134,0.6380935,0.4150271415710449
ESPCN,37200,0.05485081735998392,22.910052076146254,0.5823886,0.2950739860534668
